{"cameraMode":{"drawMode":0,"name":"Shaded","section":"Shading Mode"},"sceneLighting":true,"audioPlay":false,"sceneViewState":{"m_AlwaysRefresh":true,"showFog":true,"showSkybox":true,"showFlares":true,"showImageEffects":true,"showParticleSystems":true,"showVisualEffectGraphs":true,"m_FxEnabled":true},"in2DMode":false,"pivot":{"x":14.379046440124512,"y":9.523335456848145,"z":-16.47503662109375},"rotation":{"x":0.021630259230732919,"y":-0.8184973001480103,"z":0.031003089621663095,"w":0.5733973979949951},"size":0.03946385160088539,"orthographic":false}